index,value,name,co,max_aqi,min_aqi,no2,o3,pm10,pm2_5,type,rank,so2,date
28,158,上海,1.373,468,24,71,49,140,125,中度污染,63.1333,48,2013/12/1
76,138,乌鲁木齐,2.55,296,55,70,11,145,106,轻度污染,61.7667,37,2013/12/1
154,100,北京,1.73,291,23,56,38,97,73,轻度污染,31.8,37,2013/12/1
214,195,南京,1.62,386,61,87,37,243,155,中度污染,80.0333,61,2013/12/1
279,148,南宁,1.577,204,30,63,97,162,111,轻度污染,68.2,41,2013/12/1
342,70,厦门,0.803,110,27,42,94,74,48,良,20.4,22,2013/12/1
400,222,合肥,1.867,411,71,48,36,195,180,重度污染,87.6,41,2013/12/1
460,112,呼和浩特,4.323,182,37,59,27,154,78,轻度污染,47.0333,95,2013/12/1
523,156,天津,2.7,371,31,78,26,203,120,中度污染,60.5,129,2013/12/1
558,109,广州,1.283,190,21,63,81,106,82,轻度污染,44.2,27,2013/12/1
621,175,成都,1.607,285,72,76,46,209,136,中度污染,76.9667,32,2013/12/1
712,179,杭州,1.623,413,33,79,43,192,142,中度污染,68.9667,45,2013/12/1
744,225,武汉,1.94,351,77,93,46,218,179,重度污染,93.2333,77,2013/12/1
839,86,海口,0.963,173,17,20,92,86,63,良,30.7667,15,2013/12/1
898,103,深圳,1.433,173,21,51,87,109,77,轻度污染,40.9667,19,2013/12/1
931,156,西安,2.942,481,66,64,26,202,122,中度污染,59.375,79,2013/12/1
27,103,上海,0.997,238,30,54,58,90,77,轻度污染,58.4839,28,2014/1/1
87,151,乌鲁木齐,2.858,289,58,67,16,185,114,中度污染,108.0645,50,2014/1/1
155,125,北京,1.948,402,26,65,37,123,94,轻度污染,80,51,2014/1/1
187,166,南京,1.374,347,65,73,56,201,129,中度污染,121.2258,46,2014/1/1
307,147,南宁,1.532,250,66,57,93,162,112,轻度污染,112.4194,35,2014/1/1
343,75,厦门,0.81,140,34,48,101,74,53,良,34.3226,23,2014/1/1
386,196,合肥,1.577,401,90,39,39,164,155,中度污染,140.2258,32,2014/1/1
458,91,呼和浩特,4.039,302,38,60,31,123,61,良,55.2258,98,2014/1/1
522,147,天津,2.526,357,26,71,27,179,113,轻度污染,98.9677,113,2014/1/1
619,120,广州,1.371,207,59,74,91,117,90,轻度污染,89.3548,22,2014/1/1
668,222,成都,1.587,462,74,73,50,256,179,重度污染,148.5484,32,2014/1/1
715,136,杭州,1.155,265,53,61,49,142,103,轻度污染,94.2258,33,2014/1/1
745,229,武汉,2.026,337,93,80,51,195,183,重度污染,152.2903,68,2014/1/1
853,78,海口,0.916,152,41,19,95,79,55,良,38.9032,9,2014/1/1
901,82,深圳,1.248,130,43,42,96,90,60,良,45.4194,14,2014/1/1
963,175,西安,3.037,352,72,72,27,229,133,中度污染,124.3,85,2014/1/1
26,74,上海,0.796,240,27,36,73,59,52,良,57.9643,17,2014/2/1
94,109,乌鲁木齐,2.475,201,31,74,39,123,81,轻度污染,112.0714,50,2014/2/1
156,184,北京,2.171,428,33,69,42,155,148,中度污染,136.6071,56,2014/2/1
233,105,南京,1.021,242,24,44,66,109,78,轻度污染,103.8571,24,2014/2/1
280,72,南宁,1.225,157,24,34,58,72,52,良,71.6071,15,2014/2/1
344,48,厦门,0.668,83,21,33,76,45,30,优,34.5357,13,2014/2/1
399,112,合肥,1.018,316,27,23,41,88,85,轻度污染,107.1429,18,2014/2/1
457,85,呼和浩特,3.457,229,22,51,35,97,60,良,72.3571,76,2014/2/1
521,129,天津,2.079,289,31,61,44,136,96,轻度污染,111.9286,100,2014/2/1
588,63,广州,0.971,145,12,44,59,61,46,良,55.6071,12,2014/2/1
654,149,成都,1.421,234,43,49,54,150,113,轻度污染,142.7143,25,2014/2/1
716,81,杭州,0.879,252,20,39,55,71,60,良,71.25,19,2014/2/1
778,122,武汉,1.304,279,37,46,53,82,93,轻度污染,114.7778,33,2014/2/1
840,36,海口,0.7,60,21,13,38,34,21,优,9.7857,5,2014/2/1
902,47,深圳,1.157,66,20,30,63,45,31,优,28.3929,7,2014/2/1
964,218,西安,2.507,432,83,53,32,241,173,重度污染,175.7143,65,2014/2/1
25,82,上海,0.787,202,39,51,100,84,57,良,71.3871,19,2014/3/1
95,127,乌鲁木齐,1.994,264,41,76,55,158,90,轻度污染,128.4194,40,2014/3/1
157,130,北京,1.39,319,35,62,83,138,94,轻度污染,108.5161,34,2014/3/1
220,107,南京,0.826,256,55,62,107,141,75,轻度污染,119.5806,33,2014/3/1
281,69,南宁,1.306,116,33,40,42,78,49,良,59.9677,15,2014/3/1
345,67,厦门,0.648,105,35,48,92,72,42,良,50.7419,20,2014/3/1
406,103,合肥,0.932,153,66,32,50,107,78,轻度污染,118.1613,21,2014/3/1
456,94,呼和浩特,2.51,199,28,47,49,139,45,良,97.7097,75,2014/3/1
520,150,天津,1.994,252,57,71,66,173,112,轻度污染,148.4839,69,2014/3/1
586,77,广州,1.129,172,28,57,62,79,55,良,69.0323,17,2014/3/1
655,114,成都,1.297,211,40,64,77,137,84,轻度污染,115.1613,24,2014/3/1
717,82,杭州,0.826,139,46,50,86,95,59,良,75.2581,23,2014/3/1
779,110,武汉,1.219,151,64,60,81,122,83,轻度污染,129,40,2014/3/1
841,40,海口,0.7,57,19,15,38,40,20,优,7.2581,4,2014/3/1
903,56,深圳,0.919,90,27,37,64,61,37,良,28.0968,8,2014/3/1
965,134,西安,2.242,250,74,50,52,188,85,轻度污染,140.9677,37,2014/3/1
24,77,上海,0.727,187,50,47,108,67,53,良,73.5333,15,2014/4/1
96,125,乌鲁木齐,0.807,402,41,45,58,179,45,轻度污染,111.8571,16,2014/4/1
158,127,北京,0.927,279,65,57,129,145,89,轻度污染,144.5,16,2014/4/1
221,93,南京,0.697,144,47,53,125,108,60,良,113.8,22,2014/4/1
282,61,南宁,1.16,94,41,32,67,70,38,良,44.3667,14,2014/4/1
346,64,厦门,0.707,86,52,38,100,67,40,良,50.3,18,2014/4/1
419,90,合肥,0.847,137,46,29,54,82,67,良,106.1667,15,2014/4/1
455,96,呼和浩特,2.143,230,53,44,63,141,40,良,108.8,32,2014/4/1
519,121,天津,1.41,199,64,56,99,153,85,轻度污染,153.3333,35,2014/4/1
585,69,广州,0.967,108,48,54,79,69,49,良,59.8667,19,2014/4/1
656,90,成都,1.037,160,43,51,110,100,60,良,105.5667,16,2014/4/1
718,83,杭州,0.77,140,37,51,90,96,60,良,89.7333,22,2014/4/1
780,87,武汉,1.097,184,37,53,101,96,63,良,94.2,29,2014/4/1
842,37,海口,0.677,61,27,11,45,35,17,优,5.3667,4,2014/4/1
904,52,深圳,0.92,71,29,34,81,53,32,良,23.9,8,2014/4/1
966,101,西安,1.697,181,55,46,66,149,64,轻度污染,123.1,17,2014/4/1
23,96,上海,0.777,193,53,42,142,99,63,良,103.4194,17,2014/5/1
98,106,乌鲁木齐,0.69,186,36,46,72,162,37,轻度污染,119.5161,13,2014/5/1
159,107,北京,0.839,205,46,47,149,118,61,轻度污染,115.8387,15,2014/5/1
222,134,南京,0.887,270,70,56,177,172,85,轻度污染,162.0968,26,2014/5/1
283,61,南宁,1.074,95,35,29,93,64,33,良,45.5161,13,2014/5/1
347,61,厦门,0.803,104,30,40,88,59,40,良,45.9032,13,2014/5/1
407,109,合肥,0.858,204,61,29,67,148,76,轻度污染,127.0323,18,2014/5/1
454,91,呼和浩特,1.49,165,40,39,68,133,37,良,98.2903,25,2014/5/1
518,102,天津,1.348,204,44,49,116,132,70,轻度污染,111.0323,29,2014/5/1
584,52,广州,0.961,102,33,43,66,49,33,良,31.3548,16,2014/5/1
657,110,成都,0.819,185,60,52,136,131,76,轻度污染,127.9355,15,2014/5/1
719,91,杭州,0.823,151,46,46,128,115,59,良,101.3548,19,2014/5/1
781,112,武汉,1.035,281,43,56,109,143,75,轻度污染,124.0323,28,2014/5/1
843,32,海口,0.635,43,25,13,58,29,13,优,7.2903,4,2014/5/1
905,34,深圳,0.874,51,22,28,51,32,17,优,7.7742,6,2014/5/1
967,100,西安,1.529,221,58,32,81,149,55,良,115.3871,16,2014/5/1
22,72,上海,0.72,182,37,35,118,58,44,良,73.0333,12,2014/6/1
99,80,乌鲁木齐,0.557,134,53,44,94,111,35,良,98,14,2014/6/1
160,116,北京,0.79,179,50,39,168,74,54,轻度污染,143.3,6,2014/6/1
223,130,南京,0.813,216,49,45,161,128,90,轻度污染,150.6333,20,2014/6/1
284,57,南宁,0.937,125,29,26,93,57,29,良,48.1333,13,2014/6/1
348,49,厦门,0.523,94,26,22,86,45,27,优,34.0667,10,2014/6/1
408,124,合肥,1.083,314,50,23,80,127,94,轻度污染,143.6667,20,2014/6/1
453,72,呼和浩特,1.173,110,28,33,101,86,26,良,84.9,23,2014/6/1
517,97,天津,1.387,141,47,41,146,93,58,良,124.4667,21,2014/6/1
583,71,广州,0.887,142,34,38,109,53,34,良,75.5667,15,2014/6/1
658,74,成都,0.863,166,36,46,110,72,44,良,82.6667,13,2014/6/1
720,89,杭州,0.813,181,36,40,130,88,54,良,104.5667,13,2014/6/1
782,119,武汉,1.087,274,32,44,154,127,83,轻度污染,138.0333,24,2014/6/1
844,33,海口,0.623,78,14,15,59,30,14,优,9.8667,5,2014/6/1
906,42,深圳,0.943,82,23,26,61,42,20,优,20.3667,6,2014/6/1
968,78,西安,1.42,136,53,34,110,97,46,良,97.4333,13,2014/6/1
21,74,上海,0.765,167,32,31,112,63,45,良,83.5484,12,2014/7/1
100,86,乌鲁木齐,0.619,122,54,44,102,122,30,良,114.7419,15,2014/7/1
161,140,北京,0.939,252,39,39,170,100,89,轻度污染,154.9677,6,2014/7/1
224,98,南京,0.816,169,35,36,128,92,65,良,125.4194,13,2014/7/1
285,44,南宁,0.829,69,19,25,67,47,21,优,36.4839,12,2014/7/1
349,44,厦门,0.545,71,27,27,84,41,21,优,32.5806,14,2014/7/1
409,82,合肥,0.919,160,30,21,58,97,58,良,103.9677,11,2014/7/1
452,80,呼和浩特,0.745,131,49,39,122,100,32,良,104.5806,18,2014/7/1
516,117,天津,1.497,177,63,39,160,114,76,轻度污染,155.0323,22,2014/7/1
582,84,广州,0.755,191,29,35,133,55,35,良,98.4194,16,2014/7/1
659,75,成都,0.868,122,27,47,122,71,40,良,95.7097,13,2014/7/1
721,84,杭州,0.768,150,36,34,129,72,44,良,105.1935,10,2014/7/1
783,81,武汉,0.884,182,30,39,127,82,44,良,101.129,19,2014/7/1
845,26,海口,0.574,38,18,14,40,25,10,优,4.3226,5,2014/7/1
907,44,深圳,1.097,105,26,27,70,43,20,优,35.6129,7,2014/7/1
969,82,西安,1.058,110,27,34,135,87,36,良,109.5806,9,2014/7/1
20,67,上海,0.768,150,30,34,112,52,38,良,84.2258,13,2014/8/1
101,96,乌鲁木齐,0.729,208,54,51,93,141,35,良,138,17,2014/8/1
162,120,北京,0.839,200,46,43,172,88,62,轻度污染,157.3226,5,2014/8/1
225,59,南京,0.758,126,26,31,64,59,42,良,66.2581,11,2014/8/1
286,50,南宁,0.771,90,27,27,76,53,21,良,49.2903,11,2014/8/1
357,56,厦门,0.658,92,23,33,101,53,32,良,65.1613,16,2014/8/1
410,75,合肥,0.923,133,41,17,55,83,54,良,106.4839,12,2014/8/1
447,72,呼和浩特,0.842,104,48,39,107,88,25,良,101.1613,19,2014/8/1
515,87,天津,1.452,134,48,40,124,100,57,良,131.0323,20,2014/8/1
581,76,广州,0.777,186,26,34,123,49,31,良,96.7742,15,2014/8/1
660,69,成都,0.916,108,28,44,110,64,38,良,95.0323,12,2014/8/1
722,75,杭州,0.903,120,27,35,118,70,45,良,104.3871,12,2014/8/1
784,78,武汉,0.971,127,47,36,124,73,44,良,110.4516,18,2014/8/1
846,25,海口,0.568,37,13,14,33,25,11,优,6.129,4,2014/8/1
908,36,深圳,0.929,73,24,27,57,36,15,优,20.8065,6,2014/8/1
970,74,西安,1.219,114,33,39,108,93,44,良,103.3548,11,2014/8/1
19,69,上海,0.74,138,32,32,117,52,35,良,99.1667,13,2014/9/1
102,104,乌鲁木齐,0.897,149,41,55,62,158,47,轻度污染,155.7333,21,2014/9/1
163,99,北京,0.983,200,43,49,106,88,65,良,142.7667,6,2014/9/1
226,77,南京,0.733,142,36,37,105,82,51,良,116.7333,13,2014/9/1
287,56,南宁,0.86,108,27,29,91,63,33,良,65.8667,12,2014/9/1
351,52,厦门,0.557,81,35,23,96,49,28,良,59.0667,10,2014/9/1
411,76,合肥,0.877,160,26,19,46,84,54,良,104.4333,15,2014/9/1
451,70,呼和浩特,0.827,109,34,40,85,89,29,良,104.5667,19,2014/9/1
509,80,天津,1.29,150,37,40,84,87,56,良,120.4667,21,2014/9/1
580,75,广州,0.843,148,23,35,124,56,36,良,106.6333,16,2014/9/1
661,62,成都,0.96,114,31,46,74,68,40,良,80.9667,14,2014/9/1
723,74,杭州,0.813,162,28,34,118,70,46,良,104.4667,15,2014/9/1
785,74,武汉,1.003,125,21,37,111,76,46,良,109.5667,22,2014/9/1
847,30,海口,0.633,66,14,14,50,30,16,优,12.5667,5,2014/9/1
909,52,深圳,1.13,125,27,30,83,51,26,良,54.5,7,2014/9/1
971,61,西安,1.383,113,18,38,65,76,39,良,79.8333,11,2014/9/1
18,77,上海,0.781,137,52,42,119,68,40,良,74.2903,16,2014/10/1
103,97,乌鲁木齐,1.206,155,30,58,35,144,55,良,113.2903,24,2014/10/1
164,154,北京,1.339,381,28,70,54,148,118,中度污染,121.4194,9,2014/10/1
227,96,南京,0.79,176,60,54,105,120,67,良,110.2581,17,2014/10/1
288,95,南宁,1.013,167,41,44,124,113,70,良,108.6452,18,2014/10/1
352,58,厦门,0.632,85,38,23,96,60,37,良,37.8387,10,2014/10/1
412,103,合肥,1.016,253,63,29,50,130,75,轻度污染,114.8387,17,2014/10/1
450,96,呼和浩特,1.394,160,33,51,62,142,51,良,107.6774,34,2014/10/1
513,134,天津,1.142,285,42,53,51,146,99,轻度污染,123.9032,19,2014/10/1
579,96,广州,0.945,139,52,49,148,85,59,良,116.129,17,2014/10/1
662,88,成都,1.11,219,37,52,66,104,64,良,85.7097,16,2014/10/1
724,88,杭州,0.848,146,49,47,128,98,59,良,101.0968,21,2014/10/1
792,123,武汉,1.223,229,31,60,119,140,91,轻度污染,136.9355,30,2014/10/1
848,59,海口,0.713,104,31,17,100,57,34,良,40.7419,6,2014/10/1
910,73,深圳,1.213,116,52,32,122,76,45,良,68,9,2014/10/1
972,111,西安,1.51,251,44,48,56,152,78,轻度污染,123.4516,20,2014/10/1
17,74,上海,0.843,182,38,52,84,71,52,良,63.3333,18,2014/11/1
104,81,乌鲁木齐,1.123,142,20,32,21,111,52,良,87.3333,20,2014/11/1
165,117,北京,1.567,342,29,65,37,127,86,轻度污染,101.4667,16,2014/11/1
228,111,南京,1.037,243,37,60,58,132,82,轻度污染,122.4,21,2014/11/1
289,71,南宁,0.96,147,22,41,64,84,49,良,62.8667,15,2014/11/1
353,55,厦门,0.68,86,33,30,71,57,36,良,40.8667,12,2014/11/1
413,126,合肥,1.22,402,31,29,30,121,95,轻度污染,134.3,23,2014/11/1
449,87,呼和浩特,1.897,139,32,50,43,121,51,良,88.6667,58,2014/11/1
512,145,天津,1.887,422,50,68,43,156,111,轻度污染,133.3333,52,2014/11/1
578,70,广州,1.08,125,15,48,83,67,50,良,65.2667,16,2014/11/1
663,76,成都,1.067,132,41,49,41,96,53,良,77.7,15,2014/11/1
725,101,杭州,1.05,164,41,59,67,107,75,轻度污染,112.9333,22,2014/11/1
787,105,武汉,1.287,285,44,58,61,94,77,轻度污染,113.7333,32,2014/11/1
849,44,海口,0.747,90,25,15,68,42,23,优,17.1,5,2014/11/1
911,62,深圳,1.187,93,38,37,87,66,43,良,51.5,9,2014/11/1
973,118,西安,1.883,239,53,48,29,155,84,轻度污染,131.6,37,2014/11/1
16,99,上海,1.09,190,39,68,47,113,72,良,112.1613,36,2014/12/1
105,179,乌鲁木齐,2.484,325,38,68,14,216,140,中度污染,169.0645,44,2014/12/1
166,86,北京,1.552,267,21,53,42,95,58,良,65.4194,28,2014/12/1
229,98,南京,1.065,148,65,58,41,136,63,良,113.4516,30,2014/12/1
290,97,南宁,1.065,182,29,50,73,120,71,良,108.5161,24,2014/12/1
354,59,厦门,0.616,96,31,36,61,64,41,良,42.129,14,2014/12/1
414,94,合肥,1.01,150,55,33,28,100,68,良,101.9355,28,2014/12/1
463,105,呼和浩特,2.371,257,45,43,39,131,71,轻度污染,103.6452,81,2014/12/1
511,144,天津,2.061,378,43,65,35,154,107,轻度污染,129.3548,76,2014/12/1
577,76,广州,1.232,142,28,41,60,82,55,良,72.7742,19,2014/12/1
664,117,成都,1.21,230,55,57,40,156,84,轻度污染,133.129,23,2014/12/1
726,100,杭州,1.006,145,57,61,49,117,72,良,118.7742,32,2014/12/1
788,114,武汉,1.271,250,73,63,54,126,84,轻度污染,133.9677,42,2014/12/1
850,53,海口,0.839,93,16,13,71,56,35,良,34.0323,8,2014/12/1
912,70,深圳,1.223,99,26,44,72,77,50,良,60.9032,11,2014/12/1
974,104,西安,2.035,182,60,48,26,152,67,轻度污染,115.3871,53,2014/12/1
29,111,上海,1.09,256,28,63,56,108,83,轻度污染,185.3548,29,2015/1/1
106,154,乌鲁木齐,2.758,302,59,78,18,169,119,中度污染,262.0968,39,2015/1/1
167,126,北京,1.91,378,28,66,39,120,97,轻度污染,196.6452,34,2015/1/1
230,129,南京,1.313,281,46,66,40,154,96,轻度污染,235.3548,30,2015/1/1
291,96,南宁,1.165,207,30,46,80,112,71,良,170.8065,18,2015/1/1
355,69,厦门,0.723,124,24,39,66,72,49,良,98.6774,13,2015/1/1
415,134,合肥,1.194,264,53,36,34,121,102,轻度污染,248.2903,27,2015/1/1
448,87,呼和浩特,2.619,170,34,54,34,119,59,良,145.9032,97,2015/1/1
510,133,天津,2.252,364,36,70,33,161,100,轻度污染,222.1613,76,2015/1/1
576,81,广州,1.261,176,22,65,70,85,60,良,134.9677,20,2015/1/1
665,165,成都,1.584,259,43,61,34,195,126,中度污染,280.0968,20,2015/1/1
727,118,杭州,1.223,236,31,62,48,120,89,轻度污染,216.0323,25,2015/1/1
789,161,武汉,1.58,285,46,74,47,138,123,中度污染,289.5,36,2015/1/1
851,58,海口,0.835,112,30,13,79,59,38,良,70.3871,7,2015/1/1
914,70,深圳,1.226,131,30,45,91,80,49,良,106.7742,10,2015/1/1
975,132,西安,2.897,242,61,51,25,188,95,轻度污染,234.7419,55,2015/1/1
15,90,上海,0.946,222,34,46,81,85,64,良,170.1071,20,2015/2/1
107,167,乌鲁木齐,2.682,357,45,78,35,207,126,中度污染,277.6429,33,2015/2/1
169,127,北京,1.457,334,36,51,60,114,93,轻度污染,212.8571,26,2015/2/1
231,101,南京,1.175,212,29,44,70,115,73,轻度污染,198.8571,21,2015/2/1
292,99,南宁,1.1,211,35,36,65,97,73,良,189.6429,13,2015/2/1
356,55,厦门,0.786,94,30,25,73,56,39,良,72,8,2015/2/1
416,111,合肥,1.05,240,29,25,45,105,84,轻度污染,218.2857,26,2015/2/1
461,93,呼和浩特,1.882,247,32,41,51,123,51,良,165.8214,71,2015/2/1
524,116,天津,1.746,236,42,51,49,146,80,轻度污染,236.1071,60,2015/2/1
575,75,广州,1.079,147,28,49,67,75,55,良,136.2143,12,2015/2/1
666,115,成都,1.346,221,43,45,67,126,86,轻度污染,233.4286,15,2015/2/1
728,88,杭州,0.95,179,30,39,73,87,65,良,167.7857,13,2015/2/1
790,142,武汉,1.457,223,31,56,62,117,108,轻度污染,284.7857,27,2015/2/1
852,57,海口,0.771,147,22,7,58,57,38,良,81.8571,5,2015/2/1
928,67,深圳,1.082,131,25,33,85,72,47,良,116.3214,9,2015/2/1
976,104,西安,2.482,200,67,38,47,147,65,轻度污染,230.9286,38,2015/2/1
13,81,上海,0.845,143,37,48,102,66,54,良,183.2903,15,2015/3/1
110,96,乌鲁木齐,1.51,236,34,50,44,116,65,良,221.7419,19,2015/3/1
184,127,北京,1.194,281,40,53,87,146,86,轻度污染,253.4516,20,2015/3/1
232,83,南京,1.113,186,31,49,83,96,56,良,207.4516,20,2015/3/1
293,56,南宁,1.003,115,23,30,57,59,39,良,104.5161,10,2015/3/1
360,51,厦门,0.635,90,27,33,73,52,33,良,74.3226,8,2015/3/1
417,88,合肥,0.99,184,22,24,51,88,63,良,222.2903,21,2015/3/1
446,86,呼和浩特,1.419,151,33,38,70,123,38,良,207.4194,49,2015/3/1
508,117,天津,1.435,274,54,52,60,166,72,轻度污染,276.1935,37,2015/3/1
574,49,广州,1.023,90,17,45,39,49,33,优,68.6129,10,2015/3/1
667,94,成都,1.126,146,58,51,93,114,68,良,241.6452,15,2015/3/1
729,76,杭州,0.839,138,45,47,82,81,53,良,179.6452,15,2015/3/1
791,94,武汉,1.135,204,33,49,74,98,68,良,236.9677,24,2015/3/1
837,34,海口,0.639,51,18,10,46,34,17,优,20.7097,4,2015/3/1
915,49,深圳,0.977,70,32,33,65,52,31,优,73.7097,7,2015/3/1
977,93,西安,1.787,177,53,40,59,132,60,良,234.9032,26,2015/3/1
12,88,上海,0.79,166,44,53,122,81,56,良,230.5,16,2015/4/1
109,91,乌鲁木齐,0.937,253,35,42,65,127,47,良,231.1333,12,2015/4/1
170,107,北京,0.76,212,38,43,124,118,71,轻度污染,250.6,9,2015/4/1
235,87,南京,0.92,153,44,56,123,95,50,良,229.7333,20,2015/4/1
277,68,南宁,0.947,112,33,31,102,82,43,良,150.1333,13,2015/4/1
358,50,厦门,0.527,78,28,33,83,52,28,良,60.6667,10,2015/4/1
418,85,合肥,0.91,131,51,27,62,101,58,良,218.0667,23,2015/4/1
435,74,呼和浩特,0.853,251,33,34,81,96,27,良,150.2,22,2015/4/1
497,92,天津,0.913,145,39,30,74,109,64,良,243.8,15,2015/4/1
573,71,广州,1.04,170,21,45,99,60,38,良,154.3,14,2015/4/1
678,88,成都,0.887,148,43,49,135,101,54,良,221.5333,15,2015/4/1
730,82,杭州,0.847,136,35,48,118,89,54,良,209.3333,17,2015/4/1
805,87,武汉,1.067,133,36,52,103,110,59,良,230.4667,20,2015/4/1
854,40,海口,0.713,76,16,13,62,39,20,优,31.3333,4,2015/4/1
916,52,深圳,0.853,95,25,34,79,52,27,良,72.3333,8,2015/4/1
978,78,西安,1.743,138,43,36,82,106,40,良,197.4667,17,2015/4/1
0,77,上海,0.697,117,51,39,126,63,44,良,203.3871,12,2015/5/1
121,88,乌鲁木齐,0.781,159,35,40,79,126,41,良,234.6452,10,2015/5/1
171,105,北京,0.745,203,42,37,153,97,55,轻度污染,244.6774,8,2015/5/1
234,95,南京,0.887,145,45,47,141,90,52,良,259.4516,18,2015/5/1
294,53,南宁,0.829,79,32,25,88,56,28,良,92.8065,9,2015/5/1
370,51,厦门,0.597,87,32,30,64,53,33,良,82.4194,11,2015/5/1
421,88,合肥,0.968,156,47,30,71,101,62,良,223.9677,14,2015/5/1
436,74,呼和浩特,0.655,105,43,26,100,98,25,良,179.6452,14,2015/5/1
498,88,天津,0.977,156,40,27,130,90,51,良,220.4194,14,2015/5/1
572,47,广州,0.845,99,28,42,72,42,27,优,71.1935,12,2015/5/1
670,107,成都,0.81,176,60,44,163,98,49,轻度污染,286.4516,13,2015/5/1
731,94,杭州,0.758,169,40,41,138,82,54,良,243.0323,15,2015/5/1
794,101,武汉,1.023,174,45,45,137,112,65,轻度污染,269.5484,15,2015/5/1
866,31,海口,0.571,46,21,14,52,30,13,优,13.1613,3,2015/5/1
917,36,深圳,0.829,76,24,29,58,33,16,优,26.4516,7,2015/5/1
979,78,西安,1.532,103,60,36,114,101,40,良,209.8065,17,2015/5/1
11,80,上海,0.697,188,43,35,129,57,43,良,227.4333,11,2015/6/1
122,72,乌鲁木齐,0.707,110,41,38,97,93,29,良,219.4667,8,2015/6/1
172,111,北京,1.303,231,35,35,156,70,60,轻度污染,269.5333,6,2015/6/1
246,89,南京,0.863,185,28,39,132,77,46,良,245.3333,14,2015/6/1
295,43,南宁,0.697,56,28,21,75,43,19,优,84.4667,8,2015/6/1
369,40,厦门,0.393,61,26,24,62,40,23,优,66.3333,9,2015/6/1
420,69,合肥,0.94,121,23,29,88,74,45,良,198.7333,11,2015/6/1
437,71,呼和浩特,0.657,138,41,27,113,72,21,良,199.9333,11,2015/6/1
499,99,天津,1.363,175,32,34,142,92,59,良,279.6667,15,2015/6/1
571,52,广州,0.74,89,28,31,94,36,21,良,128.5333,11,2015/6/1
671,87,成都,0.823,170,36,38,133,70,38,良,250.8,14,2015/6/1
732,68,杭州,0.737,104,36,36,106,61,40,良,191.8,9,2015/6/1
795,73,武汉,0.91,116,33,40,118,78,41,良,215,13,2015/6/1
865,27,海口,0.51,42,18,13,52,25,10,优,19.7667,4,2015/6/1
918,28,深圳,0.743,37,23,25,49,26,11,优,15.6,8,2015/6/1
980,70,西安,1.27,101,32,32,97,82,36,良,211.3667,11,2015/6/1
10,84,上海,0.658,171,31,31,134,57,39,良,199.2258,11,2015/7/1
120,86,乌鲁木齐,0.742,119,50,38,123,118,33,良,265.9677,9,2015/7/1
173,122,北京,0.823,200,41,35,177,74,61,轻度污染,304.0968,4,2015/7/1
245,77,南京,0.713,146,28,36,117,64,36,良,206.0645,12,2015/7/1
296,53,南宁,0.79,106,19,26,88,57,29,良,129.0323,11,2015/7/1
368,41,厦门,0.477,68,24,25,72,37,21,优,63.5484,10,2015/7/1
432,59,合肥,0.797,132,22,25,77,61,40,良,147.5161,9,2015/7/1
434,89,呼和浩特,0.771,135,45,31,145,83,27,良,272.4516,14,2015/7/1
496,78,天津,0.706,122,46,18,116,88,49,良,227.3226,7,2015/7/1
570,65,广州,0.81,159,38,32,104,45,28,良,159.5806,9,2015/7/1
672,106,成都,0.939,153,37,48,161,82,45,轻度污染,295.5161,15,2015/7/1
733,64,杭州,0.706,115,21,31,106,49,31,良,166.8387,10,2015/7/1
796,76,武汉,0.768,143,43,33,126,68,36,良,209.7419,10,2015/7/1
864,34,海口,0.584,55,22,14,63,31,15,优,40.1613,6,2015/7/1
919,43,深圳,0.835,83,29,27,73,34,19,优,69.7097,8,2015/7/1
981,95,西安,1.032,142,61,36,149,98,41,良,289.8065,9,2015/7/1
9,86,上海,0.735,181,28,28,135,58,40,良,217.4516,13,2015/8/1
119,77,乌鲁木齐,0.645,130,39,40,112,96,29,良,233.8387,9,2015/8/1
185,104,北京,0.79,202,37,31,159,66,45,轻度污染,273.7419,3,2015/8/1
244,93,南京,0.745,166,30,38,147,65,33,良,257.0323,14,2015/8/1
297,58,南宁,0.803,98,24,29,88,68,34,良,147.0968,13,2015/8/1
367,42,厦门,0.484,64,28,31,67,37,20,优,70.2903,10,2015/8/1
431,63,合肥,0.842,89,33,28,96,74,39,良,172.3871,9,2015/8/1
438,79,呼和浩特,0.629,120,47,33,131,76,21,良,237.1935,12,2015/8/1
500,78,天津,1,149,44,25,110,94,50,良,223.0323,11,2015/8/1
569,89,广州,0.884,200,49,39,131,60,39,良,256.0968,13,2015/8/1
673,85,成都,1.032,159,39,52,125,78,44,良,247.4839,14,2015/8/1
734,81,杭州,0.797,138,27,34,131,61,39,良,229.9355,13,2015/8/1
797,90,武汉,0.784,158,23,37,144,85,41,良,261.5484,14,2015/8/1
863,40,海口,0.603,75,23,16,77,34,17,优,63.8065,6,2015/8/1
920,56,深圳,0.829,109,29,36,84,43,25,良,137.1935,10,2015/8/1
982,90,西安,1.023,169,35,43,127,102,43,良,272.7742,10,2015/8/1
8,79,上海,0.72,159,35,32,132,49,34,良,231.9,13,2015/9/1
118,63,乌鲁木齐,0.65,98,30,36,80,77,24,良,183.2,10,2015/9/1
174,83,北京,0.837,201,34,43,109,59,50,良,220.8,5,2015/9/1
243,84,南京,0.733,145,50,44,138,62,30,良,267.3667,15,2015/9/1
298,49,南宁,0.903,89,27,27,75,53,29,优,112.9667,11,2015/9/1
366,48,厦门,0.613,60,30,25,80,47,27,优,103.5,8,2015/9/1
430,64,合肥,0.893,82,36,30,94,73,41,良,195,10,2015/9/1
445,64,呼和浩特,0.667,101,35,34,102,71,27,良,186.4667,12,2015/9/1
507,68,天津,0.87,147,27,25,81,75,44,良,184.9,13,2015/9/1
568,80,广州,0.9,157,45,44,117,65,42,良,238.8667,11,2015/9/1
674,64,成都,1.03,120,38,47,77,60,35,良,189.4,13,2015/9/1
735,91,杭州,0.837,172,31,43,137,67,43,良,262.9333,16,2015/9/1
798,92,武汉,0.927,146,46,41,143,88,47,良,288,19,2015/9/1
862,40,海口,0.627,80,21,13,76,33,16,优,73.8333,5,2015/9/1
921,61,深圳,0.743,114,30,30,101,46,30,良,166.5,8,2015/9/1
983,70,西安,1.143,102,37,42,89,84,42,良,225.0333,13,2015/9/1
7,82,上海,0.816,133,47,49,127,73,47,良,217.7097,17,2015/10/1
117,82,乌鲁木齐,1.006,144,34,47,41,111,45,良,208.129,13,2015/10/1
175,106,北京,0.955,344,27,55,74,86,74,轻度污染,175.0645,6,2015/10/1
242,92,南京,0.932,201,42,61,119,112,56,良,247.8065,22,2015/10/1
299,79,南宁,1.039,127,33,41,98,105,53,良,199.9677,18,2015/10/1
371,49,厦门,0.603,73,30,22,73,51,29,优,77.2581,8,2015/10/1
429,97,合肥,1.174,203,33,44,85,115,70,良,246.6129,14,2015/10/1
440,78,呼和浩特,0.877,147,33,42,80,103,39,良,182.9677,23,2015/10/1
502,86,天津,1.058,219,37,42,70,100,54,良,192.7742,17,2015/10/1
567,71,广州,0.919,131,30,53,95,77,45,良,171.2581,12,2015/10/1
675,91,成都,1.052,168,40,59,83,109,63,良,235.1613,17,2015/10/1
736,83,杭州,0.861,143,48,53,115,90,56,良,223.9677,18,2015/10/1
799,101,武汉,1.135,153,40,65,119,131,71,轻度污染,264.2903,23,2015/10/1
867,66,海口,0.713,140,23,17,112,54,34,良,138.0645,7,2015/10/1
922,68,深圳,0.758,137,25,34,115,59,38,良,151.4839,9,2015/10/1
984,104,西安,1.452,202,31,53,56,153,63,轻度污染,256.871,21,2015/10/1
6,87,上海,1.09,179,35,58,69,74,58,良,222.8667,17,2015/11/1
123,97,乌鲁木齐,1.707,204,44,51,17,111,69,良,248.0667,11,2015/11/1
176,153,北京,1.983,450,37,62,25,85,119,中度污染,285.7667,12,2015/11/1
247,84,南京,1.087,190,39,53,59,88,57,良,228.8333,17,2015/11/1
300,56,南宁,1.043,92,33,34,52,61,34,良,126.9,13,2015/11/1
364,48,厦门,0.657,65,30,23,47,51,25,优,87.8,7,2015/11/1
428,89,合肥,1.247,192,28,39,46,83,65,良,233.3,17,2015/11/1
441,104,呼和浩特,1.78,305,37,44,43,124,76,轻度污染,241.6667,35,2015/11/1
503,119,天津,2.037,345,35,57,36,133,88,轻度污染,252.3,36,2015/11/1
566,65,广州,1.013,95,33,50,66,67,38,良,169.6,14,2015/11/1
676,74,成都,1.117,123,40,48,32,84,50,良,210.3667,16,2015/11/1
737,80,杭州,1.107,147,39,57,38,77,52,良,227.7333,15,2015/11/1
800,78,武汉,1.243,129,30,46,37,80,57,良,210.9,18,2015/11/1
860,42,海口,0.637,89,24,10,80,35,17,优,63.2667,5,2015/11/1
923,54,深圳,0.82,94,30,32,97,52,32,良,116.2,8,2015/11/1
985,91,西安,2.06,265,38,49,24,126,59,良,235,25,2015/11/1
5,117,上海,1.197,266,53,67,52,104,82,轻度污染,231.6129,25,2015/12/1
115,188,乌鲁木齐,2.845,377,43,72,16,220,147,中度污染,291.2258,16,2015/12/1
177,187,北京,2.865,485,23,76,26,172,152,中度污染,253.1613,20,2015/12/1
240,131,南京,1.21,241,60,65,49,143,94,轻度污染,257.3548,25,2015/12/1
301,62,南宁,1.003,128,31,38,40,67,41,良,111.4839,15,2015/12/1
363,53,厦门,0.687,78,34,32,39,55,29,良,79.3871,9,2015/12/1
433,147,合肥,1.432,293,60,46,36,145,113,轻度污染,278.6774,19,2015/12/1
442,136,呼和浩特,2.561,263,28,59,32,158,102,轻度污染,239.9032,53,2015/12/1
504,162,天津,2.058,391,28,66,22,189,125,中度污染,256.9677,45,2015/12/1
565,69,广州,1.09,166,33,50,39,64,41,良,122.9355,12,2015/12/1
677,120,成都,1.423,304,48,65,32,143,90,轻度污染,234.4194,18,2015/12/1
738,123,杭州,1.19,283,56,65,40,135,90,轻度污染,244.6452,20,2015/12/1
801,146,武汉,1.297,334,55,58,36,157,109,轻度污染,264.9677,21,2015/12/1
859,45,海口,0.813,83,25,17,78,40,23,优,50.2258,6,2015/12/1
924,53,深圳,0.977,82,29,37,67,50,32,良,79.7419,8,2015/12/1
986,152,西安,2.784,317,63,63,30,212,111,中度污染,279.4516,44,2015/12/1
31,102,上海,1.045,213,40,57,69,91,70,轻度污染,204.5806,24,2016/1/1
114,231,乌鲁木齐,3.165,432,123,82,16,257,185,重度污染,342.9032,28,2016/1/1
178,97,北京,1.584,316,32,53,42,88,68,良,165.4194,20,2016/1/1
239,111,南京,1.345,234,47,58,58,124,79,轻度污染,230.3871,26,2016/1/1
302,63,南宁,1.216,110,35,40,40,70,43,良,122.9032,13,2016/1/1
362,56,厦门,0.761,89,34,36,40,53,34,良,87.9032,9,2016/1/1
426,119,合肥,1.168,253,55,42,48,108,88,轻度污染,244.6452,20,2016/1/1
443,87,呼和浩特,1.865,190,35,43,49,103,60,良,181.5806,50,2016/1/1
505,106,天津,1.565,384,49,58,34,124,74,轻度污染,208.5806,37,2016/1/1
564,65,广州,1.097,153,29,49,37,54,35,良,117.6774,9,2016/1/1
669,110,成都,1.355,214,50,57,49,127,81,轻度污染,229.4194,17,2016/1/1
739,111,杭州,1.061,222,56,63,48,119,80,轻度污染,236.2258,17,2016/1/1
802,144,武汉,1.352,249,80,51,40,141,107,轻度污染,297.7097,21,2016/1/1
861,42,海口,0.797,62,23,19,74,38,21,优,39,5,2016/1/1
925,54,深圳,0.981,99,33,38,67,44,30,良,78.4516,7,2016/1/1
987,154,西安,3.013,333,63,60,36,207,113,中度污染,280.4516,39,2016/1/1
4,80,上海,0.855,178,42,43,97,78,54,良,193.5517,19,2016/2/1
111,245,乌鲁木齐,3.448,398,55,90,32,287,201,重度污染,342.6552,32,2016/2/1
179,71,北京,0.903,238,34,35,68,59,44,良,111.6897,15,2016/2/1
241,100,南京,1.345,153,47,47,93,116,69,轻度污染,252.7931,22,2016/2/1
303,82,南宁,1.014,285,28,32,72,89,60,良,190.4828,16,2016/2/1
361,51,厦门,0.628,94,25,26,50,52,34,良,70.7931,7,2016/2/1
425,108,合肥,1.062,261,39,37,82,107,80,轻度污染,249.8276,21,2016/2/1
439,75,呼和浩特,1.403,232,37,33,68,86,47,良,151.931,43,2016/2/1
506,77,天津,1.317,189,30,42,53,85,50,良,157.3793,27,2016/2/1
563,58,广州,0.866,130,30,40,62,53,36,良,99.4828,9,2016/2/1
679,97,成都,1.362,188,52,53,84,111,67,良,248.1379,14,2016/2/1
740,89,杭州,0.848,162,38,41,84,101,64,良,209.9655,14,2016/2/1
803,113,武汉,1.083,228,43,46,86,123,80,轻度污染,268.8966,20,2016/2/1
858,52,海口,0.783,160,25,14,85,48,31,良,78.3103,6,2016/2/1
926,51,深圳,0.821,88,30,30,79,46,30,良,76.2759,8,2016/2/1
988,108,西安,1.817,251,52,47,61,146,69,轻度污染,253.1034,28,2016/2/1
3,80,上海,0.684,134,45,49,107,76,52,良,179.0645,17,2016/3/1
116,112,乌鲁木齐,1.781,209,48,60,50,130,79,轻度污染,237.4516,19,2016/3/1
180,132,北京,1.229,365,37,57,79,136,93,轻度污染,212.9032,18,2016/3/1
238,110,南京,1.216,200,42,57,95,133,77,轻度污染,249.0968,21,2016/3/1
304,68,南宁,1.055,113,40,38,56,80,47,良,131.2581,12,2016/3/1
365,63,厦门,0.794,133,30,38,61,61,43,良,103.871,11,2016/3/1
427,117,合肥,1.1,211,36,44,98,120,87,轻度污染,259.8387,22,2016/3/1
444,98,呼和浩特,1.239,419,41,41,86,132,49,良,175.4516,35,2016/3/1
501,121,天津,1.516,267,49,54,62,148,81,轻度污染,254.4516,30,2016/3/1
562,78,广州,1.068,175,30,61,65,71,47,良,163.0645,13,2016/3/1
680,105,成都,1.432,176,45,67,87,131,75,轻度污染,248.9032,18,2016/3/1
741,99,杭州,0.832,217,40,58,103,123,72,良,221.1613,16,2016/3/1
804,115,武汉,1.055,202,39,58,94,136,84,轻度污染,264.9355,19,2016/3/1
857,49,海口,0.668,110,23,18,83,45,24,优,60.9032,6,2016/3/1
927,62,深圳,0.855,119,31,43,86,53,35,良,105.8065,10,2016/3/1
989,125,西安,1.887,192,58,63,69,188,78,轻度污染,286.4839,27,2016/3/1
2,90,上海,0.737,159,53,50,126,81,56,良,245.9667,14,2016/4/1
112,65,乌鲁木齐,0.687,151,34,40,64,81,24,良,146.1667,9,2016/4/1
152,106,北京,0.803,209,43,44,116,118,69,轻度污染,262.8966,10,2016/4/1
237,86,南京,0.993,143,41,45,131,89,45,良,231.9,18,2016/4/1
305,61,南宁,0.913,103,37,29,83,66,38,良,125.3667,9,2016/4/1
359,56,厦门,0.73,77,32,36,65,54,32,良,99.6,11,2016/4/1
424,78,合肥,0.987,130,51,49,111,91,50,良,209.4,15,2016/4/1
459,79,呼和浩特,0.887,124,41,35,106,107,28,良,211.6667,19,2016/4/1
514,100,天津,0.993,273,53,43,98,128,64,轻度污染,255,19,2016/4/1
561,66,广州,1.053,129,45,51,47,55,38,良,150,13,2016/4/1
681,94,成都,1.027,209,49,57,103,104,65,良,238.8,14,2016/4/1
742,83,杭州,0.81,143,46,50,115,82,46,良,226.9333,11,2016/4/1
793,76,武汉,1.007,111,42,50,102,89,47,良,194.8333,11,2016/4/1
856,48,海口,0.63,63,35,20,82,46,24,优,57.1333,6,2016/4/1
899,55,深圳,0.757,85,32,36,77,40,26,良,89.3333,10,2016/4/1
962,96,西安,1.4,148,61,58,102,138,55,良,274.8333,17,2016/4/1
1,93,上海,0.742,163,51,41,135,77,51,良,247.1935,12,2016/5/1
113,58,乌鲁木齐,0.61,91,30,35,68,67,25,良,129.871,7,2016/5/1
181,111,北京,0.665,234,49,38,160,90,54,轻度污染,266.6129,8,2016/5/1
217,97,南京,1.039,235,51,37,141,88,43,良,259.3871,15,2016/5/1
278,52,南宁,0.829,89,34,26,79,54,27,良,81.0645,10,2016/5/1
341,46,厦门,0.613,69,24,26,65,45,24,优,53.4194,10,2016/5/1
423,83,合肥,0.845,181,39,38,121,94,48,良,211.871,12,2016/5/1
462,96,呼和浩特,0.739,258,45,33,129,119,33,良,228.0968,15,2016/5/1
525,90,天津,0.942,154,57,42,133,93,51,良,242.9355,17,2016/5/1
560,65,广州,0.926,147,33,38,96,51,31,良,138.4194,11,2016/5/1
653,92,成都,0.955,189,40,49,134,97,57,良,244.4194,13,2016/5/1
713,85,杭州,0.829,128,52,43,123,77,46,良,230.4839,9,2016/5/1
777,76,武汉,0.819,122,42,41,109,86,44,良,197.6452,8,2016/5/1
855,45,海口,0.597,102,22,17,78,36,18,优,56.4516,6,2016/5/1
913,53,深圳,0.81,112,29,26,91,36,22,良,86.4194,9,2016/5/1
990,87,西安,1.113,168,47,47,120,105,44,良,234.5806,13,2016/5/1
14,79,上海,0.703,139,43,36,122,54,40,良,220.8333,10,2016/6/1
93,61,乌鲁木齐,0.527,85,45,37,93,67,25,良,165.8333,6,2016/6/1
182,126,北京,0.767,189,50,35,183,70,59,轻度污染,315.7667,5,2016/6/1
236,80,南京,0.94,152,43,34,124,62,37,良,221.9333,17,2016/6/1
306,43,南宁,0.723,64,27,22,79,37,17,优,72.0333,8,2016/6/1
350,33,厦门,0.46,50,19,18,48,32,14,优,32.1,9,2016/6/1
422,73,合肥,0.877,112,43,38,114,64,42,良,212.4,10,2016/6/1
465,77,呼和浩特,0.803,144,43,32,131,59,24,良,219.3667,14,2016/6/1
541,101,天津,0.997,185,51,36,151,77,54,轻度污染,285.6333,12,2016/6/1
587,60,广州,0.85,120,36,33,97,41,23,良,153.4,9,2016/6/1
651,95,成都,0.94,150,51,45,147,76,44,良,278.6333,12,2016/6/1
743,74,杭州,0.75,152,34,36,117,58,36,良,207.0667,8,2016/6/1
775,69,武汉,0.753,114,33,38,110,64,31,良,195.9,6,2016/6/1
838,33,海口,0.517,48,21,18,64,29,12,优,32.1333,5,2016/6/1
897,38,深圳,0.627,59,26,27,66,25,13,优,49.7333,8,2016/6/1
961,101,西安,1.1,179,46,38,157,76,32,轻度污染,284.5,8,2016/6/1
30,95,上海,0.752,169,24,31,143,59,38,良,253.4516,10,2016/7/1
97,63,乌鲁木齐,0.59,102,36,37,110,65,24,良,201.2903,7,2016/7/1
183,118,北京,0.916,177,40,33,159,74,69,轻度污染,307.5484,3,2016/7/1
218,76,南京,1.006,140,34,30,115,56,30,良,237.1613,18,2016/7/1
276,40,南宁,0.694,75,23,21,67,41,19,优,81.4516,9,2016/7/1
339,41,厦门,0.452,117,16,22,65,38,16,优,81.2581,11,2016/7/1
404,67,合肥,0.742,126,34,31,106,63,36,良,213.2258,11,2016/7/1
464,87,呼和浩特,0.752,143,35,32,142,58,24,良,271.9677,8,2016/7/1
527,88,天津,0.858,136,32,28,127,71,53,良,273.1935,7,2016/7/1
559,74,广州,0.877,202,28,33,113,45,27,良,199.1935,12,2016/7/1
635,85,成都,0.89,202,44,40,133,51,30,良,247.5161,13,2016/7/1
711,81,杭州,0.723,173,25,32,129,55,32,良,241.1613,8,2016/7/1
774,70,武汉,0.668,128,29,31,115,57,24,良,210.8387,5,2016/7/1
820,32,海口,0.49,52,20,16,58,31,12,优,46.2581,4,2016/7/1
888,51,深圳,0.668,167,24,27,84,30,17,良,113.2903,9,2016/7/1
991,83,西安,0.926,168,35,32,136,59,27,良,245.3871,6,2016/7/1
42,59,上海,0.665,135,26,23,104,36,19,良,159.7097,11,2016/8/1
92,66,乌鲁木齐,0.677,95,40,46,103,78,26,良,209.3871,10,2016/8/1
153,94,北京,0.832,179,34,35,135,60,47,良,269.2258,3,2016/8/1
219,97,南京,0.829,203,39,31,152,54,26,良,279.9355,16,2016/8/1
273,49,南宁,0.752,91,23,26,88,49,27,优,113.5484,10,2016/8/1
323,51,厦门,0.584,82,24,34,87,43,23,良,124.8065,14,2016/8/1
403,84,合肥,0.813,140,43,39,133,76,37,良,266.0323,12,2016/8/1
483,73,呼和浩特,0.729,117,40,31,124,50,18,良,221.6129,8,2016/8/1
555,72,天津,0.855,135,38,31,105,65,41,良,216.1613,9,2016/8/1
589,82,广州,0.894,197,25,40,125,56,37,良,233,14,2016/8/1
622,105,成都,1.01,206,50,47,161,68,41,轻度污染,300.5161,14,2016/8/1
683,93,杭州,0.626,144,23,20,149,41,25,良,284,9,2016/8/1
747,86,武汉,0.839,137,27,34,137,78,34,良,268.9032,7,2016/8/1
836,33,海口,0.555,52,19,18,58,30,14,优,33.2581,5,2016/8/1
874,62,深圳,0.768,132,29,32,103,38,24,良,170.0645,8,2016/8/1
959,83,西安,0.952,121,36,34,136,71,36,良,273.0323,8,2016/8/1
32,68,上海,0.723,163,23,34,112,45,32,良,164.6333,12,2016/9/1
89,65,乌鲁木齐,0.803,83,41,48,84,76,28,良,188.6,13,2016/9/1
168,86,北京,0.76,211,0,43,104,73,55,良,217.8,3,2016/9/1
216,102,南京,0.817,179,32,37,154,67,33,轻度污染,271.3,14,2016/9/1
258,62,南宁,0.793,101,25,31,101,66,39,良,168.7,14,2016/9/1
311,52,厦门,0.623,79,28,27,94,39,22,良,114.6,9,2016/9/1
405,84,合肥,0.837,139,29,51,131,90,45,良,240.3667,14,2016/9/1
484,61,呼和浩特,0.767,108,38,45,93,60,24,良,157.8667,11,2016/9/1
554,88,天津,1.243,165,40,42,125,83,52,良,242.6,15,2016/9/1
618,76,广州,0.903,201,38,41,107,57,36,良,193.8,12,2016/9/1
623,80,成都,1.02,120,47,49,106,69,45,良,232.4333,13,2016/9/1
688,75,杭州,0.697,141,27,30,118,50,33,良,200.9667,10,2016/9/1
748,94,武汉,0.807,163,34,45,145,99,45,良,270.9,12,2016/9/1
834,41,海口,0.613,61,15,17,72,37,20,优,74.7,6,2016/9/1
878,64,深圳,0.783,134,35,30,102,42,27,良,170.4333,8,2016/9/1
932,91,西安,1.217,130,47,56,112,104,53,良,272.9667,14,2016/9/1
61,51,上海,0.632,72,29,33,87,37,22,良,144.3548,12,2016/10/1
73,65,乌鲁木齐,1.055,119,27,44,41,68,43,良,215.9032,12,2016/10/1
140,116,北京,1.155,292,29,56,47,101,85,轻度污染,278.9355,4,2016/10/1
215,56,南京,1.019,109,33,39,74,47,25,良,165.2903,11,2016/10/1
253,59,南宁,0.852,94,29,32,91,62,36,良,186.4839,15,2016/10/1
312,45,厦门,0.535,90,29,27,73,40,21,优,104.5161,10,2016/10/1
402,59,合肥,0.842,99,29,42,54,53,34,良,187.2581,11,2016/10/1
485,71,呼和浩特,1.023,101,35,52,73,89,37,良,243.4516,20,2016/10/1
553,91,天津,1.426,225,40,51,65,90,64,良,263.8387,18,2016/10/1
590,51,广州,0.89,85,33,35,79,48,30,良,143.6129,11,2016/10/1
624,75,成都,1.068,126,40,48,65,81,47,良,234,13,2016/10/1
692,60,杭州,0.797,87,38,45,65,54,32,良,202.3226,12,2016/10/1
749,60,武汉,1.058,113,32,41,56,59,35,良,179.0968,8,2016/10/1
812,43,海口,0.61,69,22,13,80,38,23,优,96.2903,7,2016/10/1
877,46,深圳,0.771,68,23,27,82,38,24,优,114.3548,6,2016/10/1
933,79,西安,1.355,153,39,51,55,98,53,良,252.2903,12,2016/10/1
59,78,上海,0.867,144,37,58,69,62,44,良,188.1,16,2016/11/1
68,105,乌鲁木齐,1.787,253,40,56,31,110,75,轻度污染,229.1667,14,2016/11/1
133,133,北京,1.797,315,28,68,28,134,100,轻度污染,254,11,2016/11/1
188,72,南京,1.227,123,30,51,64,84,43,良,163.2667,18,2016/11/1
257,49,南宁,0.89,75,27,35,61,51,29,优,71.6,13,2016/11/1
313,61,厦门,0.62,144,33,37,71,63,34,良,120.2667,13,2016/11/1
383,82,合肥,1.12,153,38,55,55,85,55,良,202.3667,16,2016/11/1
486,112,呼和浩特,1.877,192,35,61,48,152,73,轻度污染,259.9333,53,2016/11/1
552,138,天津,2.023,307,32,66,38,150,104,轻度污染,277.7667,27,2016/11/1
617,76,广州,1.017,166,33,62,78,69,41,良,176.5667,14,2016/11/1
625,117,成都,1.32,244,48,62,45,150,86,轻度污染,267.0667,16,2016/11/1
691,79,杭州,0.973,139,35,56,49,85,52,良,194.6,13,2016/11/1
750,84,武汉,1.233,182,28,52,42,93,61,良,198.8,11,2016/11/1
816,38,海口,0.6,67,13,12,69,34,18,优,37.7333,6,2016/11/1
876,55,深圳,0.85,111,33,36,85,49,31,良,98.0667,7,2016/11/1
934,169,西安,2.18,304,44,70,29,221,124,中度污染,324.5667,26,2016/11/1
58,94,上海,1.058,185,38,65,64,77,58,良,169.7097,19,2016/12/1
71,181,乌鲁木齐,2.487,347,77,64,20,184,142,中度污染,298.2903,16,2016/12/1
132,168,北京,2.51,431,54,80,28,159,133,中度污染,250.0968,17,2016/12/1
189,96,南京,1.306,158,40,65,75,113,66,良,178.0968,23,2016/12/1
256,79,南宁,1.074,130,38,50,75,91,57,良,133.2903,19,2016/12/1
314,65,厦门,0.7,98,39,44,67,71,40,良,99.8387,15,2016/12/1
382,118,合肥,1.258,180,48,74,51,115,86,轻度污染,235.0323,17,2016/12/1
488,93,呼和浩特,2.277,169,37,61,48,107,65,良,169.3871,64,2016/12/1
526,175,天津,2.739,340,60,84,32,177,135,中度污染,283.1935,35,2016/12/1
616,86,广州,1.103,128,37,71,84,83,51,良,153.4516,14,2016/12/1
626,154,成都,1.581,252,53,69,32,193,117,中度污染,292.871,18,2016/12/1
690,98,杭州,1.123,158,44,63,50,110,69,良,191.2581,15,2016/12/1
776,123,武汉,1.416,186,62,67,43,123,93,轻度污染,254.9355,14,2016/12/1
815,61,海口,0.739,111,41,13,105,60,36,良,83.2581,8,2016/12/1
875,67,深圳,0.974,95,33,43,103,71,45,良,99.7097,9,2016/12/1
935,214,西安,2.497,458,71,77,31,233,173,重度污染,324.0323,35,2016/12/1
57,73,上海,0.945,130,34,47,74,55,45,良,129.8387,17,2017/1/1
70,276,乌鲁木齐,3.31,407,169,90,28,237,226,重度污染,346.2258,30,2017/1/1
131,146,北京,2.203,470,34,65,41,131,116,轻度污染,208.3871,18,2017/1/1
190,89,南京,1.223,206,46,51,73,96,59,良,168.9355,20,2017/1/1
255,80,南宁,1.287,181,30,39,66,81,59,良,146.5161,14,2017/1/1
340,59,厦门,0.745,98,34,37,72,57,39,良,89.1935,12,2017/1/1
381,119,合肥,1.287,252,53,61,60,94,87,轻度污染,238.871,16,2017/1/1
487,105,呼和浩特,2.51,451,41,58,56,115,74,轻度污染,191.129,66,2017/1/1
551,142,天津,2.439,330,39,67,44,127,109,轻度污染,230.1935,31,2017/1/1
615,81,广州,1.229,205,40,65,79,76,54,良,143.8065,12,2017/1/1
627,173,成都,1.613,375,42,69,43,204,136,中度污染,289.1613,17,2017/1/1
689,90,杭州,1.087,210,38,50,53,90,63,良,168.6129,14,2017/1/1
751,119,武汉,1.39,232,45,54,53,106,85,轻度污染,239.0323,14,2017/1/1
814,54,海口,0.758,98,25,10,95,46,28,良,75.3871,6,2017/1/1
880,61,深圳,0.997,85,37,33,92,55,38,良,97.5161,8,2017/1/1
936,229,西安,2.613,499,63,73,45,260,186,重度污染,312,37,2017/1/1
56,77,上海,0.868,154,38,49,93,57,50,良,127.6071,14,2017/2/1
69,217,乌鲁木齐,2.696,405,50,80,56,169,165,重度污染,307.8214,23,2017/2/1
130,100,北京,1.318,305,36,53,65,84,71,良,170.4286,18,2017/2/1
191,85,南京,1.286,125,46,53,93,94,60,良,183.6429,20,2017/2/1
254,67,南宁,1.154,119,34,31,77,66,47,良,123.9286,15,2017/2/1
315,60,厦门,0.675,96,39,38,81,53,36,良,84.3214,11,2017/2/1
378,114,合肥,1.168,161,49,65,87,91,86,轻度污染,233.6071,17,2017/2/1
495,90,呼和浩特,1.968,177,44,50,78,94,64,良,191.1429,54,2017/2/1
550,118,天津,1.664,281,43,64,73,115,85,轻度污染,207.0357,28,2017/2/1
614,74,广州,0.95,122,33,59,93,62,44,良,113.3214,13,2017/2/1
628,110,成都,1.164,213,38,56,58,119,82,轻度污染,217.6429,14,2017/2/1
694,91,杭州,0.964,175,37,51,83,92,67,良,175.8571,14,2017/2/1
752,101,武汉,1.304,219,54,57,69,96,73,轻度污染,205.8214,14,2017/2/1
813,49,海口,0.721,95,22,12,90,41,26,优,49.2143,6,2017/2/1
873,59,深圳,0.875,89,35,30,101,45,32,良,70.1786,7,2017/2/1
937,172,西安,2.143,307,57,75,71,201,131,中度污染,296,33,2017/2/1
55,71,上海,0.768,102,47,50,108,58,44,良,120.871,12,2017/3/1
74,132,乌鲁木齐,1.606,244,67,55,62,113,101,轻度污染,274.3226,12,2017/3/1
128,94,北京,0.913,273,40,50,86,84,63,良,176.5161,11,2017/3/1
192,77,南京,1.168,112,56,54,105,89,47,良,179.7097,18,2017/3/1
259,52,南宁,1.245,95,28,35,50,50,33,良,103.5806,11,2017/3/1
316,74,厦门,0.719,129,44,56,88,72,40,良,131.0968,14,2017/3/1
380,90,合肥,0.968,140,62,63,91,84,63,良,231.2258,14,2017/3/1
489,71,呼和浩特,1.348,148,43,44,96,75,41,良,140.5806,42,2017/3/1
549,100,天津,1.352,251,43,64,100,106,70,轻度污染,211.3871,24,2017/3/1
613,81,广州,1.003,109,48,66,59,66,41,良,150.8387,12,2017/3/1
629,77,成都,0.945,122,47,58,75,81,49,良,178.4516,12,2017/3/1
687,79,杭州,0.874,157,42,54,90,86,54,良,185.4516,13,2017/3/1
753,93,武汉,1.135,272,43,58,77,96,64,良,222.3871,12,2017/3/1
818,47,海口,0.7,95,28,15,79,45,24,优,69.1613,5,2017/3/1
868,54,深圳,0.832,87,36,34,90,51,31,良,88.6452,7,2017/3/1
938,100,西安,1.5,145,48,63,81,120,69,轻度污染,268.4194,23,2017/3/1
54,91,上海,0.83,139,53,51,133,70,45,良,165.7,12,2017/4/1
67,55,乌鲁木齐,0.843,85,33,36,75,60,27,良,156.6667,10,2017/4/1
129,87,北京,0.693,174,38,48,101,104,53,良,229.2,7,2017/4/1
193,93,南京,1.227,124,43,51,136,93,42,良,210.6,18,2017/4/1
252,55,南宁,1.06,92,38,32,82,57,33,良,104.5333,11,2017/4/1
317,63,厦门,0.64,108,29,38,91,62,31,良,94.7667,13,2017/4/1
379,92,合肥,0.923,127,40,51,119,89,52,良,225.4667,12,2017/4/1
490,75,呼和浩特,0.953,142,45,42,113,92,29,良,181.9667,22,2017/4/1
548,98,天津,1.21,172,57,57,115,125,64,良,262.2,19,2017/4/1
612,83,广州,0.86,181,45,58,92,61,34,良,124.2333,12,2017/4/1
630,80,成都,0.85,133,38,55,115,67,33,良,127,14,2017/4/1
685,90,杭州,0.93,140,41,49,137,82,47,良,191.5333,13,2017/4/1
754,80,武汉,1.09,106,36,54,101,94,44,良,205.0333,11,2017/4/1
811,49,海口,0.663,102,29,14,88,40,20,优,47.8667,7,2017/4/1
872,58,深圳,0.797,112,32,33,88,44,27,良,63,8,2017/4/1
939,93,西安,1.327,298,41,62,99,95,43,良,242.0667,15,2017/4/1
53,88,上海,0.674,161,42,37,136,49,28,良,119.9677,11,2017/5/1
66,63,乌鲁木齐,0.803,103,35,34,92,80,24,良,187.3226,9,2017/5/1
134,134,北京,0.674,500,53,37,161,104,48,轻度污染,218.3226,7,2017/5/1
194,111,南京,1.061,200,34,45,160,69,30,轻度污染,182.2258,18,2017/5/1
248,51,南宁,0.987,93,28,34,89,48,28,良,108.2581,9,2017/5/1
318,51,厦门,0.555,86,33,27,86,47,25,良,75.0323,10,2017/5/1
384,109,合肥,0.794,188,47,48,156,74,43,轻度污染,197.7097,11,2017/5/1
491,105,呼和浩特,0.732,500,55,39,132,109,30,轻度污染,229.1935,14,2017/5/1
547,139,天津,0.981,500,51,40,158,91,41,轻度污染,232.0323,12,2017/5/1
611,90,广州,0.897,201,43,52,129,56,34,良,139.9355,12,2017/5/1
631,97,成都,0.742,145,41,51,146,73,43,良,166.7097,10,2017/5/1
682,105,杭州,0.855,195,43,45,154,72,41,轻度污染,170.5161,11,2017/5/1
755,104,武汉,1,500,33,50,129,89,39,轻度污染,241.0323,8,2017/5/1
809,45,海口,0.635,103,24,11,87,30,15,优,24.3226,7,2017/5/1
871,67,深圳,0.848,149,30,31,110,42,27,良,68.7742,8,2017/5/1
940,114,西安,1.103,500,50,55,136,76,32,轻度污染,225.3226,13,2017/5/1
52,83,上海,0.7,160,46,35,130,42,38,良,174.6333,9,2017/6/1
62,63,乌鲁木齐,0.803,128,45,33,102,61,21,良,218.8,9,2017/6/1
127,125,北京,0.783,200,50,38,184,75,42,轻度污染,228.5333,6,2017/6/1
195,109,南京,0.95,200,40,37,164,61,31,轻度污染,182.6333,13,2017/6/1
251,41,南宁,0.947,71,27,27,71,37,19,优,92.8667,8,2017/6/1
319,35,厦门,0.463,50,20,23,61,27,16,优,44.5,8,2017/6/1
377,103,合肥,0.777,200,32,37,160,65,43,轻度污染,227.3333,10,2017/6/1
492,101,呼和浩特,0.76,212,48,38,154,83,26,轻度污染,232.8,13,2017/6/1
546,115,天津,1.057,177,49,37,173,78,46,轻度污染,243,10,2017/6/1
610,56,广州,0.777,117,40,39,86,35,18,良,86.5333,10,2017/6/1
632,82,成都,0.853,130,41,48,125,71,43,良,221.2333,10,2017/6/1
686,73,杭州,0.84,194,37,34,115,45,30,良,151.3667,8,2017/6/1
756,75,武汉,0.983,122,32,38,119,61,32,良,188.1667,5,2017/6/1
806,33,海口,0.583,46,22,12,64,28,12,优,53.8333,6,2017/6/1
870,32,深圳,0.69,48,21,25,47,22,12,优,38.5333,7,2017/6/1
941,110,西安,1.067,172,46,42,165,72,33,轻度污染,203.1667,11,2017/6/1
51,117,上海,0.706,205,33,30,177,55,33,轻度污染,177.0323,10,2017/7/1
63,72,乌鲁木齐,0.845,97,53,36,124,73,22,良,251.7419,9,2017/7/1
126,118,北京,0.894,208,38,34,174,71,52,轻度污染,242.0645,3,2017/7/1
196,79,南京,1.013,149,31,34,127,46,19,良,134.129,13,2017/7/1
250,45,南宁,1.006,93,24,28,78,42,23,优,122.7419,8,2017/7/1
320,33,厦门,0.403,58,21,21,63,26,14,优,43.5484,10,2017/7/1
376,76,合肥,0.684,176,29,30,128,58,33,良,179.0968,9,2017/7/1
493,106,呼和浩特,0.839,171,55,38,165,80,28,轻度污染,247.1613,13,2017/7/1
545,104,天津,1.148,188,44,30,156,72,52,轻度污染,255.7097,6,2017/7/1
609,66,广州,0.823,151,33,42,96,36,21,良,111.6452,12,2017/7/1
633,119,成都,0.835,206,40,44,179,53,28,轻度污染,166.9032,8,2017/7/1
684,89,杭州,0.723,201,38,28,144,47,27,良,163.7419,8,2017/7/1
757,63,武汉,0.781,125,31,29,110,57,23,良,184.9355,4,2017/7/1
807,26,海口,0.584,36,17,12,50,22,10,优,33.6452,6,2017/7/1
869,39,深圳,0.671,151,21,23,62,24,14,优,32.5484,7,2017/7/1
942,122,西安,1.152,201,37,40,181,72,32,轻度污染,217.3871,8,2017/7/1
50,97,上海,0.781,193,25,32,151,47,31,良,150.2581,8,2017/8/1
64,66,乌鲁木齐,0.845,149,37,33,113,54,18,良,212.1613,8,2017/8/1
125,85,北京,0.803,162,34,35,131,56,38,良,224.1935,3,2017/8/1
197,64,南京,0.974,130,35,33,112,39,17,良,130.6774,12,2017/8/1
249,43,南宁,0.974,84,25,28,74,37,19,优,128.3871,8,2017/8/1
321,45,厦门,0.465,69,26,24,86,34,20,优,70.8387,9,2017/8/1
375,63,合肥,0.787,96,33,33,109,48,27,良,180.129,9,2017/8/1
494,79,呼和浩特,0.884,124,38,34,133,63,25,良,242.6129,12,2017/8/1
544,90,天津,1.139,155,38,31,144,55,37,良,218.4194,8,2017/8/1
608,73,广州,0.803,152,28,39,114,39,23,良,147.9032,11,2017/8/1
652,81,成都,0.816,142,28,34,133,37,20,良,123.1613,8,2017/8/1
693,77,杭州,0.745,132,33,28,129,38,23,良,125.129,7,2017/8/1
758,65,武汉,0.948,100,30,32,113,51,24,良,177.2903,6,2017/8/1
810,31,海口,0.635,65,18,12,61,25,11,优,45.4516,6,2017/8/1
879,49,深圳,0.713,168,23,28,81,30,18,优,71.6774,8,2017/8/1
943,99,西安,1.161,202,35,41,148,70,35,良,228.6129,9,2017/8/1
49,74,上海,0.77,168,44,36,118,42,26,良,125.4667,9,2017/9/1
65,67,乌鲁木齐,0.857,101,38,42,98,81,23,良,234.6,9,2017/9/1
124,98,北京,0.913,189,36,49,123,100,58,良,264.1667,4,2017/9/1
198,72,南京,0.95,146,36,40,112,49,26,良,144.4,10,2017/9/1
260,50,南宁,1.017,81,30,30,92,44,24,优,128.1,9,2017/9/1
310,54,厦门,0.59,90,29,23,100,40,24,良,76.8,10,2017/9/1
374,67,合肥,1.007,123,34,44,99,57,36,良,185.4333,10,2017/9/1
481,77,呼和浩特,0.92,140,48,45,123,80,28,良,222.3333,16,2017/9/1
557,102,天津,1.22,158,41,39,154,90,54,轻度污染,260.8,13,2017/9/1
607,97,广州,0.97,204,36,51,141,55,34,良,162.6667,12,2017/9/1
634,67,成都,0.84,138,40,42,96,52,30,良,128.2333,10,2017/9/1
695,82,杭州,0.957,177,33,38,118,51,32,良,125.9667,9,2017/9/1
746,74,武汉,1.103,130,34,45,101,61,30,良,159.1333,8,2017/9/1
808,30,海口,0.61,44,18,11,59,26,13,优,33.4,5,2017/9/1
881,64,深圳,0.76,187,23,29,104,39,25,良,88.5667,7,2017/9/1
944,77,西安,1.31,123,40,53,95,90,44,良,240.0667,12,2017/9/1
60,58,上海,0.732,88,36,34,101,42,24,良,110.9677,9,2017/10/1
72,78,乌鲁木齐,1.261,124,36,54,64,97,45,良,223.3226,14,2017/10/1
135,84,北京,0.923,221,25,46,47,63,57,良,216.4839,3,2017/10/1
199,63,南京,0.781,128,30,43,97,56,31,良,138.0323,10,2017/10/1
275,59,南宁,1.058,118,28,34,99,57,36,良,143.871,11,2017/10/1
322,51,厦门,0.545,85,30,23,96,46,23,良,89.129,9,2017/10/1
373,70,合肥,0.932,154,29,51,90,65,41,良,158.8065,12,2017/10/1
482,84,呼和浩特,1.19,154,29,49,77,102,57,良,232.2581,20,2017/10/1
543,90,天津,1.355,247,33,54,66,74,62,良,225.9355,12,2017/10/1
606,66,广州,0.91,122,29,42,113,49,32,良,136.8387,11,2017/10/1
636,63,成都,0.823,108,28,46,54,60,37,良,150.2581,9,2017/10/1
710,62,杭州,0.881,140,33,42,91,58,32,良,154.7742,11,2017/10/1
759,62,武汉,1.032,133,23,46,75,64,34,良,133.5806,9,2017/10/1
817,57,海口,0.774,150,16,10,98,41,24,良,85.7419,7,2017/10/1
896,64,深圳,0.823,121,24,22,111,49,30,良,125,7,2017/10/1
945,75,西安,1.465,116,30,50,41,91,50,良,208.3226,12,2017/10/1
47,78,上海,0.863,130,38,59,80,68,41,良,113.4667,13,2017/11/1
75,96,乌鲁木齐,1.583,172,37,52,36,105,71,良,220.6333,15,2017/11/1
150,75,北京,0.903,201,30,49,44,73,46,良,147.7667,5,2017/11/1
200,81,南京,0.91,127,31,60,72,104,50,良,177.5667,16,2017/11/1
262,70,南宁,1.19,128,32,46,70,75,47,良,158.3667,12,2017/11/1
324,54,厦门,0.637,81,30,37,83,49,26,良,64.2667,13,2017/11/1
372,100,合肥,1.04,174,31,73,72,107,67,良,209.5667,14,2017/11/1
479,93,呼和浩特,1.607,197,32,54,56,118,55,良,193.4333,34,2017/11/1
556,87,天津,1.21,201,40,58,46,86,53,良,153.7667,14,2017/11/1
605,67,广州,1,108,36,51,70,59,39,良,128.9333,11,2017/11/1
650,95,成都,0.99,170,45,57,52,102,69,良,192.9333,11,2017/11/1
697,77,杭州,1.02,112,35,58,61,84,48,良,146.6,12,2017/11/1
760,105,武汉,1.233,191,51,70,63,115,76,轻度污染,234.2333,13,2017/11/1
819,55,海口,0.77,139,24,12,93,46,28,良,55.0333,7,2017/11/1
883,59,深圳,0.85,102,32,33,91,58,37,良,105.0333,8,2017/11/1
946,129,西安,1.773,292,66,74,38,159,94,轻度污染,267.9333,22,2017/11/1
46,97,上海,1.061,225,48,69,39,75,54,良,113.9032,15,2017/12/1
90,124,乌鲁木齐,1.948,274,55,49,19,119,92,轻度污染,228.8387,13,2017/12/1
136,81,北京,1.09,254,23,49,25,68,44,良,105.3871,8,2017/12/1
201,115,南京,1.139,304,52,67,29,112,63,轻度污染,188.2903,18,2017/12/1
263,85,南宁,1.248,150,43,55,44,84,58,良,157.5161,19,2017/12/1
338,60,厦门,0.661,98,20,39,46,63,33,良,68.6452,12,2017/12/1
385,131,合肥,1.294,285,42,68,32,120,94,轻度污染,230.3871,14,2017/12/1
478,92,呼和浩特,1.994,165,37,54,25,116,58,良,177.5806,41,2017/12/1
542,108,天津,1.616,303,40,62,24,100,69,轻度污染,156.5161,18,2017/12/1
604,81,广州,1.042,126,35,65,47,76,51,良,120.871,16,2017/12/1
637,144,成都,1.39,242,68,71,30,130,93,轻度污染,250.1613,12,2017/12/1
698,104,杭州,1.281,236,62,67,26,118,73,轻度污染,183.0645,14,2017/12/1
761,130,武汉,1.306,270,60,71,25,126,95,轻度污染,238.8387,16,2017/12/1
835,55,海口,0.69,86,32,12,58,55,34,良,68.0645,9,2017/12/1
884,70,深圳,0.842,114,36,34,63,75,46,良,114.7097,11,2017/12/1
947,172,西安,2.006,402,72,80,22,181,109,中度污染,272.0968,32,2017/12/1
45,92,上海,0.977,239,35,58,63,64,58,良,178.0645,14,2018/1/1
77,174,乌鲁木齐,2.581,302,67,66,35,168,136,中度污染,290.7097,16,2018/1/1
137,66,北京,0.832,175,29,42,52,64,34,良,112.8065,8,2018/1/1
202,115,南京,1.061,271,0,61,57,112,83,轻度污染,208.3226,14,2018/1/1
264,80,南宁,1.29,172,33,51,64,81,54,良,159.129,14,2018/1/1
325,55,厦门,0.668,79,33,38,70,48,28,良,86.9355,11,2018/1/1
401,119,合肥,1.177,234,32,53,60,85,88,轻度污染,221.3226,9,2018/1/1
477,67,呼和浩特,1.532,152,0,47,56,79,38,良,137.6452,35,2018/1/1
540,83,天津,1.361,188,32,56,47,82,52,良,166.4839,19,2018/1/1
603,96,广州,1.132,196,38,75,67,80,62,良,195.0968,14,2018/1/1
638,115,成都,1.21,267,37,62,54,126,86,轻度污染,231.0968,11,2018/1/1
699,97,杭州,1.042,186,44,60,42,95,66,良,198.9677,14,2018/1/1
762,116,武汉,1.2,226,52,53,48,87,86,轻度污染,244.4839,11,2018/1/1
821,44,海口,0.6,78,20,15,71,40,23,优,52.8065,5,2018/1/1
885,62,深圳,0.839,135,30,37,87,61,39,良,108.7097,8,2018/1/1
948,183,西安,2.058,341,67,76,46,191,141,中度污染,296.6452,28,2018/1/1
44,73,上海,0.779,162,39,47,90,61,44,良,150.0714,14,2018/2/1
78,157,乌鲁木齐,2.368,265,64,67,69,143,120,中度污染,293.5,16,2018/2/1
138,81,北京,0.861,219,35,34,76,72,50,良,140.5,10,2018/2/1
203,78,南京,0.868,183,0,47,74,86,54,良,167.9286,13,2018/2/1
265,73,南宁,1.1,145,28,36,80,70,52,良,145.9643,12,2018/2/1
326,54,厦门,0.629,92,33,30,77,50,30,良,83.0357,8,2018/2/1
387,90,合肥,0.914,185,33,43,73,88,64,良,213.3214,8,2018/2/1
476,69,呼和浩特,1.354,249,0,40,76,82,38,良,136.4643,34,2018/2/1
539,88,天津,1.189,190,0,42,77,84,60,良,165,17,2018/2/1
602,71,广州,0.779,195,27,45,84,57,44,良,134.3929,10,2018/2/1
639,94,成都,1.021,221,0,47,84,97,69,良,213.1786,9,2018/2/1
700,81,杭州,0.957,176,29,43,69,86,58,良,175.2857,11,2018/2/1
763,89,武汉,1.104,169,0,54,68,87,63,良,214.2143,12,2018/2/1
822,54,海口,0.607,82,23,14,76,53,35,良,80.5,7,2018/2/1
886,56,深圳,0.671,88,24,27,91,54,36,良,83.6429,8,2018/2/1
949,112,西安,1.543,282,0,60,82,125,81,轻度污染,251.1071,25,2018/2/1
43,69,上海,0.642,120,42,45,102,50,40,良,162.1613,12,2018/3/1
79,64,乌鲁木齐,1.168,180,0,38,85,71,38,良,151.0645,11,2018/3/1
139,119,北京,1.084,294,0,58,88,108,85,轻度污染,254.7419,10,2018/3/1
204,74,南京,0.742,113,41,52,95,84,48,良,181.2258,13,2018/3/1
261,64,南宁,0.994,95,42,40,91,64,40,良,136.8065,11,2018/3/1
327,60,厦门,0.665,122,39,44,86,53,33,良,109.2581,11,2018/3/1
388,73,合肥,0.806,102,34,44,96,69,47,良,176.0323,7,2018/3/1
475,53,呼和浩特,1.368,147,0,49,94,66,30,良,146.9355,27,2018/3/1
538,111,天津,1.203,335,0,59,94,103,77,轻度污染,255.1613,15,2018/3/1
601,85,广州,0.835,150,38,61,106,64,43,良,215.6129,13,2018/3/1
640,94,成都,1.032,166,40,61,104,105,65,良,239.4194,12,2018/3/1
701,73,杭州,0.916,128,43,51,90,73,45,良,166.5484,9,2018/3/1
764,78,武汉,1.029,120,35,57,80,83,50,良,200.4839,9,2018/3/1
823,42,海口,0.571,85,20,13,70,38,19,优,40.8065,5,2018/3/1
887,59,深圳,0.616,85,25,30,101,47,28,良,116.7097,7,2018/3/1
950,116,西安,1.503,236,0,67,98,143,84,轻度污染,266.3871,16,2018/3/1
48,86,上海,0.653,181,0,47,132,75,40,良,201.8667,13,2018/4/1
80,76,乌鲁木齐,0.847,135,37,33,108,95,28,良,184.3,9,2018/4/1
151,105,北京,0.743,273,39,41,125,116,64,轻度污染,234.8333,7,2018/4/1
205,78,南京,0.697,150,0,50,133,85,38,良,191.5667,13,2018/4/1
266,62,南宁,0.903,120,35,35,92,64,33,良,126.9333,11,2018/4/1
328,60,厦门,0.57,89,33,32,93,64,32,良,111.0667,12,2018/4/1
389,88,合肥,0.797,154,0,44,128,105,47,良,217.7667,8,2018/4/1
474,63,呼和浩特,0.937,117,0,37,112,81,24,良,165.3667,16,2018/4/1
537,94,天津,0.873,224,0,45,130,105,47,良,224.5,10,2018/4/1
600,80,广州,0.823,159,39,54,96,68,40,良,196.8667,12,2018/4/1
641,93,成都,0.867,146,40,55,138,100,50,良,234.4667,11,2018/4/1
696,90,杭州,0.86,174,43,50,122,91,45,良,228.4667,10,2018/4/1
765,65,武汉,0.977,127,0,49,107,82,39,良,163.6333,8,2018/4/1
824,40,海口,0.6,83,18,12,61,41,20,优,53.1333,5,2018/4/1
882,54,深圳,0.623,85,30,28,89,53,29,良,87.3,8,2018/4/1
951,81,西安,1.137,197,0,57,108,112,40,良,210.8667,13,2018/4/1
41,89,上海,0.658,147,42,41,137,58,44,良,222.7097,11,2018/5/1
81,76,乌鲁木齐,0.742,259,0,31,115,66,23,良,181.5161,9,2018/5/1
141,100,北京,0.7,185,0,40,146,93,48,轻度污染,242.7742,5,2018/5/1
206,69,南京,0.735,120,0,39,119,63,33,良,168.2903,9,2018/5/1
267,45,南宁,0.813,81,33,24,86,37,20,优,69.3226,8,2018/5/1
329,49,厦门,0.494,75,25,26,92,43,23,优,84.9677,11,2018/5/1
390,68,合肥,0.777,118,0,36,121,55,32,良,170.6129,6,2018/5/1
473,76,呼和浩特,0.823,150,0,35,135,87,27,良,191.871,13,2018/5/1
536,89,天津,0.89,164,0,41,149,82,42,良,229.6129,9,2018/5/1
599,80,广州,0.697,170,43,40,125,42,24,良,190.0323,10,2018/5/1
642,91,成都,0.765,201,0,47,141,70,38,良,225.5806,10,2018/5/1
702,86,杭州,0.877,149,33,40,132,66,38,良,211.5484,9,2018/5/1
766,63,武汉,0.897,119,0,40,108,61,30,良,153.4839,6,2018/5/1
825,35,海口,0.552,48,21,16,68,27,13,优,40.5484,5,2018/5/1
889,50,深圳,0.49,139,0,26,90,31,18,良,87.4516,7,2018/5/1
952,80,西安,0.968,163,0,50,122,95,35,良,210.3548,11,2018/5/1
40,90,上海,0.607,202,42,32,146,42,35,良,76.5,10,2018/6/1
82,77,乌鲁木齐,0.723,124,50,31,128,60,22,良,73.1667,9,2018/6/1
142,123,北京,0.803,203,48,35,183,74,48,轻度污染,96.9667,4,2018/6/1
207,109,南京,0.62,188,38,31,165,58,30,轻度污染,77.9667,9,2018/6/1
268,49,南宁,0.933,90,21,25,88,40,22,优,16.9667,9,2018/6/1
330,50,厦门,0.527,93,25,23,91,34,17,优,30.4,9,2018/6/1
391,103,合肥,0.787,171,38,34,159,65,40,轻度污染,79.3667,6,2018/6/1
472,90,呼和浩特,0.877,149,46,31,140,73,22,良,76.3667,11,2018/6/1
535,135,天津,0.977,203,61,32,198,76,44,轻度污染,111.3333,7,2018/6/1
598,74,广州,0.79,154,40,40,109,37,22,良,63.9,8,2018/6/1
643,77,成都,0.813,166,36,38,124,46,29,良,58.4667,10,2018/6/1
703,93,杭州,0.793,171,37,33,148,50,30,良,72.7,8,2018/6/1
767,96,武汉,0.96,196,40,38,148,60,33,良,67.3333,7,2018/6/1
826,36,海口,0.563,60,23,15,67,27,13,优,13.3667,5,2018/6/1
890,50,深圳,0.59,143,28,25,87,29,17,良,21.9,7,2018/6/1
953,112,西安,1.037,171,40,39,170,68,30,轻度污染,88.1333,9,2018/6/1
39,60,上海,0.532,186,22,24,98,36,22,良,127.0323,8,2018/7/1
83,72,乌鲁木齐,0.677,114,52,31,124,68,23,良,257.3548,9,2018/7/1
143,100,北京,0.926,173,31,26,147,53,50,轻度污染,257.0323,3,2018/7/1
208,78,南京,0.603,138,32,29,126,47,26,良,214.0968,9,2018/7/1
269,40,南宁,0.881,122,25,24,70,36,19,优,92.2258,8,2018/7/1
331,46,厦门,0.49,88,27,27,83,39,19,优,113,9,2018/7/1
392,70,合肥,0.681,133,29,28,120,51,28,良,212.7097,6,2018/7/1
471,82,呼和浩特,1.039,133,36,31,135,50,25,良,240.3871,10,2018/7/1
534,100,天津,0.968,173,37,26,154,57,42,轻度污染,281.1935,5,2018/7/1
597,62,广州,0.716,135,35,36,97,36,19,良,166.3226,8,2018/7/1
644,73,成都,0.861,171,31,34,122,39,24,良,206.6452,8,2018/7/1
704,79,杭州,0.723,189,30,24,127,41,23,良,183.0323,7,2018/7/1
768,66,武汉,0.877,112,24,31,114,48,25,良,188.3226,7,2018/7/1
827,25,海口,0.542,42,16,11,50,20,8,优,28.8065,4,2018/7/1
891,34,深圳,0.506,72,21,23,59,25,13,优,60.0968,7,2018/7/1
954,79,西安,1.013,144,35,29,131,55,28,良,208.3226,7,2018/7/1
38,58,上海,0.535,140,30,20,102,32,16,良,80.129,6,2018/8/1
84,75,乌鲁木齐,0.713,159,43,34,121,75,21,良,268.2581,9,2018/8/1
144,93,北京,0.861,172,39,28,145,51,35,良,215.7742,3,2018/8/1
209,81,南京,0.639,174,34,23,133,41,24,良,146.8065,8,2018/8/1
270,53,南宁,0.994,88,25,32,90,48,27,良,163.1935,9,2018/8/1
332,53,厦门,0.574,92,24,28,94,33,19,良,60.8065,8,2018/8/1
393,73,合肥,0.765,160,27,25,123,48,25,良,167.5806,5,2018/8/1
470,78,呼和浩特,0.99,113,46,29,133,48,20,良,198.871,9,2018/8/1
533,108,天津,1.129,204,27,31,162,55,33,轻度污染,204.7742,7,2018/8/1
596,74,广州,0.861,132,38,45,114,42,26,良,170.0323,8,2018/8/1
645,97,成都,0.948,158,35,43,151,61,37,良,227.5806,9,2018/8/1
705,79,杭州,0.865,158,33,22,130,39,22,良,123.3871,7,2018/8/1
769,82,武汉,0.955,160,38,30,136,45,26,良,157.6774,6,2018/8/1
828,34,海口,0.571,55,20,15,67,23,11,优,39.9677,4,2018/8/1
892,58,深圳,0.623,174,25,29,94,33,20,良,83.3548,7,2018/8/1
955,109,西安,1.019,152,43,37,168,66,33,轻度污染,220.9032,9,2018/8/1
37,70,上海,0.677,146,26,34,110,39,24,良,147.1667,7,2018/9/1
85,60,乌鲁木齐,0.797,88,29,35,83,64,18,良,246.1667,9,2018/9/1
145,59,北京,0.603,130,26,34,92,45,28,良,195.3333,3,2018/9/1
210,70,南京,0.653,125,29,34,115,53,27,良,208.6667,8,2018/9/1
271,47,南宁,0.807,87,22,27,80,44,26,优,164.8,9,2018/9/1
333,52,厦门,0.52,90,31,24,95,35,18,良,109.6667,7,2018/9/1
394,67,合肥,0.707,125,30,35,112,56,28,良,212.4,6,2018/9/1
469,51,呼和浩特,0.883,80,27,32,77,49,18,良,176.0667,10,2018/9/1
532,67,天津,0.843,116,38,37,105,54,30,良,214.9,9,2018/9/1
595,67,广州,0.683,134,28,39,112,42,27,良,164.4667,8,2018/9/1
646,54,成都,0.793,127,27,32,82,37,22,良,159.7,8,2018/9/1
706,77,杭州,0.897,178,30,33,120,50,25,良,181.0667,9,2018/9/1
770,68,武汉,0.97,125,38,41,115,54,29,良,198.2,9,2018/9/1
829,40,海口,0.553,85,18,12,75,28,15,优,87.9333,5,2018/9/1
893,52,深圳,0.54,90,22,27,89,36,22,良,123.4,7,2018/9/1
956,61,西安,0.943,95,33,40,85,48,21,良,199.3667,9,2018/9/1
36,67,上海,0.577,124,42,41,110,47,26,良,121.9355,8,2018/10/1
86,67,乌鲁木齐,0.994,91,33,43,56,84,29,良,238.6774,10,2018/10/1
146,74,北京,0.71,202,25,45,70,62,41,良,170.129,4,2018/10/1
211,73,南京,0.584,137,47,44,113,72,34,良,196.3548,8,2018/10/1
272,61,南宁,1.026,112,33,40,81,64,34,良,170.5484,11,2018/10/1
334,65,厦门,0.581,96,38,25,115,49,24,良,126.6774,7,2018/10/1
395,79,合肥,0.742,153,52,52,108,77,40,良,227.9032,8,2018/10/1
468,65,呼和浩特,1.042,109,29,44,69,77,34,良,191.3871,14,2018/10/1
531,80,天津,0.965,142,34,54,82,73,44,良,186.0323,12,2018/10/1
594,79,广州,0.813,147,40,48,108,56,35,良,169.4516,10,2018/10/1
647,65,成都,0.813,142,35,45,56,64,42,良,178.9355,8,2018/10/1
707,70,杭州,0.877,115,47,44,107,65,33,良,165.0645,10,2018/10/1
771,80,武汉,0.987,130,53,55,105,72,42,良,227.4516,11,2018/10/1
830,64,海口,0.665,130,31,10,111,40,21,良,98.7742,6,2018/10/1
894,68,深圳,0.603,114,34,27,115,51,29,良,140.1613,8,2018/10/1
957,80,西安,1.087,103,50,60,73,92,43,良,248.871,11,2018/10/1
35,72,上海,0.72,163,42,53,82,50,40,良,192.3667,7,2018/11/1
108,113,乌鲁木齐,1.367,500,35,48,37,154,62,轻度污染,239.5,10,2018/11/1
147,108,北京,1.107,270,39,60,37,98,71,轻度污染,263.0333,7,2018/11/1
212,82,南京,0.89,227,32,52,69,84,55,良,200.4667,8,2018/11/1
274,61,南宁,1.14,98,32,44,60,69,39,良,157.3,12,2018/11/1
335,47,厦门,0.637,59,30,30,78,43,22,优,97.7333,7,2018/11/1
396,88,合肥,1.003,224,34,54,67,80,62,良,231.0667,7,2018/11/1
480,96,呼和浩特,1.56,432,31,55,45,129,56,良,260.6,25,2018/11/1
530,117,天津,1.36,302,47,64,46,114,82,轻度污染,293.6,16,2018/11/1
593,68,广州,0.907,99,37,51,78,63,39,良,196.1667,8,2018/11/1
648,81,成都,0.897,143,32,49,44,86,57,良,232.5,8,2018/11/1
708,66,杭州,0.987,138,38,51,49,70,39,良,180.2,9,2018/11/1
772,88,武汉,1.183,252,29,53,60,80,63,良,233.3667,10,2018/11/1
831,47,海口,0.637,99,24,11,86,34,18,优,90.4,5,2018/11/1
895,50,深圳,0.62,87,35,29,84,48,28,优,109.9667,7,2018/11/1
958,130,西安,1.373,425,45,65,36,159,81,轻度污染,297.5333,14,2018/11/1
34,65,上海,0.703,133,36,50,56,53,36,良,146.9032,8,2018/12/1
91,162,乌鲁木齐,1.955,500,65,63,29,206,114,中度污染,317,11,2018/12/1
148,75,北京,0.871,233,33,46,41,81,40,良,179.1935,7,2018/12/1
213,78,南京,0.845,144,34,47,44,82,50,良,191.4516,10,2018/12/1
309,50,南宁,1.035,90,25,33,36,50,30,优,99.4839,9,2018/12/1
336,47,厦门,0.648,77,25,32,68,46,24,优,82.1935,8,2018/12/1
397,92,合肥,0.906,238,29,46,41,81,65,良,215.7742,6,2018/12/1
467,85,呼和浩特,1.748,151,29,49,39,117,53,良,223.7742,28,2018/12/1
529,92,天津,1.171,290,39,56,38,101,55,良,226.2258,16,2018/12/1
592,58,广州,0.929,113,29,45,53,50,32,良,124.0323,7,2018/12/1
649,90,成都,0.997,205,32,48,27,102,62,良,229.3226,7,2018/12/1
709,77,杭州,1.084,153,37,52,30,81,49,良,189.9677,9,2018/12/1
773,98,武汉,1.174,210,28,45,33,85,72,良,233.0968,9,2018/12/1
832,38,海口,0.719,74,23,14,56,35,19,优,53.4516,6,2018/12/1
900,48,深圳,0.729,70,31,32,58,47,27,优,96.6774,6,2018/12/1
930,139,西安,1.458,461,56,63,30,173,91,轻度污染,306.0323,20,2018/12/1
33,69,上海,0.675,87,40,48,60,46,39,良,111,9,2019/1/1
88,211,乌鲁木齐,2.675,229,205,67,26,229,161,重度污染,334.25,11,2019/1/1
149,81,北京,1.025,162,40,50,37,74,57,良,205.5,12,2019/1/1
186,99,南京,0.875,135,68,55,36,104,74,良,221.25,14,2019/1/1
308,39,南宁,0.825,45,31,28,31,31,23,优,52.25,9,2019/1/1
337,39,厦门,0.55,62,28,28,49,24,13,优,17.75,4,2019/1/1
398,116,合肥,1.075,149,74,52,35,93,88,轻度污染,241,9,2019/1/1
466,85,呼和浩特,1.825,113,53,52,43,92,60,良,175.75,27,2019/1/1
528,106,天津,1.425,173,75,70,34,98,79,轻度污染,255.75,22,2019/1/1
591,50,广州,0.925,70,38,37,21,43,32,优,81,6,2019/1/1
620,85,成都,1.05,99,77,47,32,86,62,良,196.25,7,2019/1/1
714,98,杭州,1.2,138,77,55,19,98,73,良,232.25,9,2019/1/1
786,90,武汉,1.125,122,62,51,28,71,67,良,185.25,8,2019/1/1
833,39,海口,0.95,46,26,15,45,32,26,优,59.5,8,2019/1/1
929,47,深圳,0.95,63,39,34,31,48,31,优,71.25,7,2019/1/1
960,281,西安,2.225,340,215,79,25,270,231,重度污染,356.25,16,2019/1/1
